{
  "limit": 10000000,
  "avg_stopping_time": 155.2724831,
  "max_stopping_time": 685,
  "record_holders": [
    [
      3711,
      237
    ],
    [
      6171,
      261
    ],
    [
      10971,
      267
    ],
    [
      13255,
      275
    ],
    [
      17647,
      278
    ],
    [
      23529,
      281
    ],
    [
      26623,
      307
    ],
    [
      34239,
      310
    ],
    [
      35655,
      323
    ],
    [
      52527,
      339
    ],
    [
      77031,
      350
    ],
    [
      106239,
      353
    ],
    [
      142587,
      374
    ],
    [
      156159,
      382
    ],
    [
      216367,
      385
    ],
    [
      230631,
      442
    ],
    [
      410011,
      448
    ],
    [
      511935,
      469
    ],
    [
      626331,
      508
    ],
    [
      837799,
      524
    ],
    [
      1117065,
      527
    ],
    [
      1501353,
      530
    ],
    [
      1723519,
      556
    ],
    [
      2298025,
      559
    ],
    [
      3064033,
      562
    ],
    [
      3542887,
      583
    ],
    [
      3732423,
      596
    ],
    [
      5649499,
      612
    ],
    [
      6649279,
      664
    ],
    [
      8400511,
      685
    ]
  ],
  "long_sequences": [
    [
      8400511,
      685
    ],
    [
      8865705,
      667
    ],
    [
      6649279,
      664
    ],
    [
      9973919,
      662
    ],
    [
      6674175,
      620
    ],
    [
      7332399,
      615
    ],
    [
      7532665,
      615
    ],
    [
      5649499,
      612
    ],
    [
      8474249,
      610
    ],
    [
      6355687,
      607
    ],
    [
      8847225,
      605
    ],
    [
      9533531,
      605
    ],
    [
      6635419,
      602
    ],
    [
      9953129,
      600
    ],
    [
      7464846,
      597
    ],
    [
      7464847,
      597
    ],
    [
      3732423,
      596
    ],
    [
      5598635,
      594
    ],
    [
      8397953,
      592
    ],
    [
      6298465,
      589
    ]
  ],
  "elapsed_seconds": 27.267106294631958
}